cohort_week,cohort_size,weeks_later,active,share
2020-11-02,19194,0,19194,1.0
2020-11-02,19194,1,1197,0.06236
2020-11-02,19194,2,648,0.03376
2020-11-02,19194,3,445,0.02318
2020-11-02,19194,4,435,0.02266
2020-11-02,19194,5,373,0.01943
2020-11-02,19194,6,247,0.01287
2020-11-02,19194,7,111,0.00578
2020-11-02,19194,8,73,0.0038
2020-11-02,19194,9,129,0.00672
2020-11-02,19194,10,104,0.00542
2020-11-02,19194,11,79,0.00412
2020-11-02,19194,12,75,0.00391
2020-11-09,16080,0,16080,1.0
2020-11-09,16080,1,1076,0.06692
2020-11-09,16080,2,489,0.03041
2020-11-09,16080,3,414,0.02575
2020-11-09,16080,4,390,0.02425
2020-11-09,16080,5,242,0.01505
2020-11-09,16080,6,121,0.00752
2020-11-09,16080,7,68,0.00423
2020-11-09,16080,8,98,0.00609
2020-11-09,16080,9,82,0.0051
2020-11-09,16080,10,85,0.00529
2020-11-09,16080,11,64,0.00398
2020-11-16,18011,0,18011,1.0
2020-11-16,18011,1,1023,0.0568
2020-11-16,18011,2,593,0.03292
2020-11-16,18011,3,427,0.02371
2020-11-16,18011,4,323,0.01793
2020-11-16,18011,5,129,0.00716
2020-11-16,18011,6,78,0.00433
2020-11-16,18011,7,87,0.00483
2020-11-16,18011,8,85,0.00472
2020-11-16,18011,9,76,0.00422
2020-11-16,18011,10,63,0.0035
2020-11-23,19570,0,19570,1.0
2020-11-23,19570,1,976,0.04987
2020-11-23,19570,2,480,0.02453
2020-11-23,19570,3,302,0.01543
2020-11-23,19570,4,140,0.00715
2020-11-23,19570,5,87,0.00445
2020-11-23,19570,6,100,0.00511
2020-11-23,19570,7,94,0.0048
2020-11-23,19570,8,79,0.00404
2020-11-23,19570,9,67,0.00342
2020-11-30,21879,0,21879,1.0
2020-11-30,21879,1,1170,0.05348
2020-11-30,21879,2,491,0.02244
2020-11-30,21879,3,196,0.00896
2020-11-30,21879,4,139,0.00635
2020-11-30,21879,5,149,0.00681
2020-11-30,21879,6,118,0.00539
2020-11-30,21879,7,85,0.00389
2020-11-30,21879,8,88,0.00402
2020-12-07,28221,0,28221,1.0
2020-12-07,28221,1,928,0.03288
2020-12-07,28221,2,263,0.00932
2020-12-07,28221,3,188,0.00666
2020-12-07,28221,4,288,0.01021
2020-12-07,28221,5,162,0.00574
2020-12-07,28221,6,115,0.00407
2020-12-07,28221,7,106,0.00376
2020-12-14,24653,0,24653,1.0
2020-12-14,24653,1,704,0.02856
2020-12-14,24653,2,234,0.00949
2020-12-14,24653,3,304,0.01233
2020-12-14,24653,4,224,0.00909
2020-12-14,24653,5,144,0.00584
2020-12-14,24653,6,108,0.00438
2020-12-21,17277,0,17277,1.0
2020-12-21,17277,1,439,0.02541
2020-12-21,17277,2,195,0.01129
2020-12-21,17277,3,170,0.00984
2020-12-21,17277,4,99,0.00573
2020-12-21,17277,5,73,0.00423
2020-12-28,16475,0,16475,1.0
2020-12-28,16475,1,401,0.02434
2020-12-28,16475,2,147,0.00892
2020-12-28,16475,3,98,0.00595
2020-12-28,16475,4,75,0.00455
2021-01-04,22733,0,22733,1.0
2021-01-04,22733,1,708,0.03114
2021-01-04,22733,2,282,0.0124
2021-01-04,22733,3,193,0.00849
2021-01-11,21237,0,21237,1.0
2021-01-11,21237,1,765,0.03602
2021-01-11,21237,2,294,0.01384
2021-01-18,20498,0,20498,1.0
2021-01-18,20498,1,835,0.04074
2021-01-25,18949,0,18949,1.0
