category,units,revenue,share_of_revenue
Apparel,5447,171727.0,0.4742
New,2132,25813.0,0.0713
Bags,1053,23860.0,0.0659
Campus Collection,2184,20061.0,0.0554
Accessories,2006,17815.0,0.0492
Uncategorized Items,810,17394.0,0.048
Shop by Brand,1198,16960.0,0.0468
Drinkware,1104,15807.0,0.0437
Lifestyle,816,13423.0,0.0371
Clearance,906,11476.0,0.0317
Office,2075,9078.0,0.0251
(not set),1042,7319.0,0.0202
Google,683,3115.0,0.0086
Stationery,712,1532.0,0.0042
Writing Instruments,417,870.0,0.0024
Everything else,583,5860.0,0.0162
